Country,COVID_Deaths_Rate,upper,lower,Mean_PM25_2010_2019,Year,SDI_mean_value
Lao People's Democratic Republic,6.867837489444666e-11,6.867837489444621e-11,6.867837489444621e-11,21.163999999999998,2020,0.484192959345392
Sri Lanka,2.8203451954449226,2.8203451954449443,2.8203451954449443,23.948,2020,0.697648535082413
Fiji,8.084884015990664,16.85940237147822,2.008245541987652,7.272,2020,0.671431490601499
Samoa,2.370316609615672e-09,2.370316609615694e-09,2.370316609615694e-09,7.623,2020,0.590075295612806
Malaysia,1.516113525530442,2.2867824282900417,0.8061216765332414,21.669999999999998,2020,0.738743992650626
Solomon Islands,7.456991808120648e-10,7.456991808120729e-10,7.456991808120729e-10,7.6579999999999995,2020,0.426112428669488
Thailand,1.1059473800668806,2.2572147553854496,0.2548063247592961,24.884,2020,0.679119989171207
Grenada,4.847486771994977e-09,4.847486771995e-09,4.847486771995e-09,10.128,2020,0.665086346623039
Tonga,4.7140027055952665e-09,4.714002705595233e-09,4.714002705595233e-09,7.261,2020,0.622104455604093
Maldives,10.344259853620644,17.7333794515417,6.423306276454724,12.867,2020,0.647608589281031
Myanmar,22.655466709767584,45.73871165436088,9.002056045326732,27.49,2020,0.529434702877063
Belgium,172.19259829491892,177.82555717597236,166.7153476758535,13.594999999999999,2020,0.851346648590241
Armenia,181.21997931575532,231.30507280473597,125.6313838977042,40.628,2020,0.69826889937921
Saint Lucia,21.3387821913364,36.96295831842605,9.356543119024105,9.093,2020,0.669720489592338
Kiribati,4.178079477637086e-09,4.1780794776370794e-09,4.1780794776370794e-09,7.551,2020,0.523454113096381
El Salvador,73.54819645663711,86.33220487354448,60.95876338874267,26.182,2020,0.558919894116032
Saint Vincent and the Grenadines,0.0015876992617067,0.0025027039116257,0.0008516372550556,9.534,2020,0.632860904072373
Mongolia,0.0408097472548202,0.0776415334494847,0.0178955915795219,47.101,2020,0.61462963730677
Timor-Leste,3.6514179644808857e-10,3.6514179644809286e-10,3.6514179644809286e-10,20.169,2020,0.442349336035765
Bolivia (Plurinational State of),280.4516008260309,319.66910314115296,233.2167721237909,26.105,2020,0.594854443460131
France,84.348898816719,89.23542361223042,79.48954960103615,12.372,2020,0.836049443246129
Panama,114.50235918226748,143.8163731516915,86.5450348059237,13.959999999999999,2020,0.703788489528527
Kyrgyzstan,85.48277847051423,105.77942939833446,61.02469811250725,44.673,2020,0.600499553804348
Albania,131.02158671700144,210.0336339145132,54.205310457176985,19.773,2020,0.703790245372837
Paraguay,33.5903578511501,50.8443409894784,19.341077334220262,14.299000000000001,2020,0.631057688560962
Marshall Islands,8.911156061907565e-09,8.911156061907595e-09,8.911156061907595e-09,7.151000000000001,2020,0.568837509186186
Uzbekistan,49.51084095489427,70.0399526685029,24.046160394948163,48.643,2020,0.659124204371032
Israel,35.22421853299686,37.042308278227694,33.539229348783806,21.337,2020,0.806351589333701
Egypt,68.19287875990663,90.14021015607231,47.07465288102832,61.553999999999995,2020,0.597363341129599
Norway,8.098329853871864,8.696065667218942,7.563147287464102,6.94,2020,0.914529920283541
Papua New Guinea,8.640723825396634,19.20671796811285,1.537192365722736,8.645,2020,0.415186878578667
Kazakhstan,125.68270774370932,162.4538245241666,89.26221231208167,30.885,2020,0.722788768207953
Turkmenistan,100.15628842767993,120.36536445817906,75.77273989025426,31.612000000000002,2020,0.678298179976148
China,1.8988807796412688,9.668453975892492,0.4137580881263417,49.782,2020,0.713364584593745
Latvia,51.79073625924042,106.76714384046458,26.80769111065793,13.821000000000002,2020,0.827900448409988
Republic of Korea,2.4454652263131464,3.86506591874109,1.5961472550392886,27.127,2020,0.883717569055359
Singapore,0.5089523544603483,0.5387424752001708,0.4797914777018786,15.416,2020,0.854296009592945
Nauru,4.563056719802268e-08,4.563056719802264e-08,4.563056719802264e-08,7.4079999999999995,2020,0.619330076183652
Liberia,50.77389826687301,61.54017292139197,44.61131182365057,35.047,2020,0.348133889761756
Bhutan,6.593803441682494e-10,6.593803441682505e-10,6.593803441682505e-10,28.704,2020,0.468714478980695
San Marino,180.50842569652272,253.90077722550248,126.84581417723116,11.426,2020,0.886867937194416
Democratic People's Republic of Korea,2.132068730637712,10.083375028381829,0.3920206947643054,53.340999999999994,2020,0.56818855103523
Bulgaria,240.3264016469651,328.7818150688197,136.7118750809755,21.074,2020,0.765089710642011
Denmark,22.619204130673747,23.874248390276147,21.254518290697003,10.821000000000002,2020,0.894368296843327
Spain,132.94863888832154,139.13107482556748,126.39529862034424,10.995000000000001,2020,0.766506025058573
Dominican Republic,37.51621689762217,73.92684086794264,15.8266201137419,7.6739999999999995,2020,0.615635625027175
Colombia,101.2723461955583,124.48023970865168,77.71727502562509,16.663,2020,0.650855354021142
Iraq,121.08444386168787,142.84052559828635,101.52374006576112,38.738,2020,0.653300379638783
Argentina,95.79380619641512,99.26679029321616,92.48327380078064,13.288,2020,0.721294302628992
Canada,80.08132654925663,84.45913508473951,75.43375053703917,7.188,2020,0.871992631299453
Bahamas,108.03686699441126,158.08776758621852,49.66863291960464,5.306,2020,0.802948018163753
Zambia,62.05917611618362,70.23018059032225,54.40313541945952,17.213,2020,0.49748556148019
Comoros,38.005134590062006,42.00380795980757,35.168377918715926,14.187000000000001,2020,0.472003132433584
Sao Tome and Principe,34.70925642049843,38.13323467826919,31.420952824227605,33.167,2020,0.497861408762174
Equatorial Guinea,77.46078847384167,101.1985655343632,59.14182641353337,25.604000000000003,2020,0.652124902941809
Niue,2.998972352391856e-07,2.998972352391835e-07,2.998972352391835e-07,6.553,2020,0.722790249813625
Montenegro,136.69652649298652,171.88448723741018,107.61841698342133,23.608,2020,0.792554392852858
Greece,48.10397899251048,50.51837932206949,45.89992687548733,16.701,2020,0.789632219998033
Jamaica,10.888567666668015,10.898878331311836,10.87877298516001,15.124,2020,0.680567176976565
Honduras,97.3677032850087,111.11206527888194,82.27916266197585,22.294999999999998,2020,0.508669245938408
South Africa,191.8139489716956,191.94080464461936,191.61484124575173,19.07,2020,0.677166096009468
Madagascar,70.04359295526378,75.68029931814348,64.61954651927444,16.294999999999998,2020,0.392778708989164
Jordan,60.25196380124128,77.62476823743036,39.14524677963438,25.064,2020,0.720068239915947
Mexico,212.12286969275576,254.596607117723,172.99276785572152,21.268,2020,0.660119061584711
Iceland,9.49771558356761,10.99868743405623,8.109863946289058,6.298,2020,0.874323153425611
Slovakia,71.98704822998238,114.4033423978115,34.95420384571686,19.410999999999998,2020,0.80830596588062
Luxembourg,78.3972278556682,94.93110499835564,62.26460124555053,10.626999999999999,2020,0.882495316094676
Morocco,115.04237959952624,135.47557890841642,92.11639408228706,13.378,2020,0.555246068582659
Croatia,99.82326708500608,139.86485290418824,67.58056328825582,18.985,2020,0.795462271729482
Burkina Faso,55.89138455446328,60.69902778660356,50.13785236213756,41.332,2020,0.279871317215145
Lithuania,153.01425634417384,217.39367232989864,91.12257164733606,11.754,2020,0.85275238761541
Seychelles,4.785412262040213e-09,4.785412262040224e-09,4.785412262040224e-09,17.148,2020,0.726663769455011
Finland,13.903930585414264,22.508050142785507,9.6562466126089,6.003,2020,0.857655552665083
Sweden,95.28452934283553,102.61202918169336,87.70608501870326,6.531999999999999,2020,0.88506201036603
Costa Rica,48.42327066319433,66.72406880289014,33.19310670866274,17.674,2020,0.696194605172093
Kuwait,43.99921121768924,56.48727354280964,31.248716810666597,65.13199999999999,2020,0.843459812023503
India,68.6771185506763,72.66079819100513,64.50467827413775,54.54600000000001,2020,0.568138149330912
Djibouti,93.99106774462145,113.60230273583366,72.18746851668914,20.541,2020,0.481879945321652
Algeria,98.64398387376532,100.62873944172624,96.46082962208196,22.371000000000002,2020,0.65365146606094
Syrian Arab Republic,39.97222815002033,48.90228391546146,29.86426225136624,24.726999999999997,2020,0.61772759307296
Palau,2.7646380355358383e-08,2.764638035535848e-08,2.764638035535848e-08,7.685,2020,0.75278092905906
Botswana,37.205999840806015,42.427841195955246,32.886255855882425,13.088,2020,0.639275298342726
Mali,72.67377323547235,78.81939031658041,65.31370920415152,39.126999999999995,2020,0.262629218759395
Gambia,86.11802198578134,101.7223070998188,74.96607622562475,38.706,2020,0.40452419422916
Indonesia,32.66731658767365,67.05438075018706,10.621371597885522,19.61,2020,0.651926647922518
Vanuatu,1.6308791102632563e-09,1.6308791102632627e-09,1.6308791102632627e-09,8.431000000000001,2020,0.470038390856612
Bosnia and Herzegovina,136.94642605645836,187.48786214805767,89.40760924095966,31.915999999999997,2020,0.720202056378697
Cyprus,10.829281586113728,27.99282683305942,5.774767989903376,15.663,2020,0.833059522677264
Cuba,8.127217562878023,36.43699551486127,1.069304853035434,13.775,2020,0.665210747223401
Iran (Islamic Republic of),64.99144135916421,76.88442734091562,53.7740616744701,30.125999999999998,2020,0.691918763371909
Ethiopia,55.31886141130333,59.79286868211445,51.352427819752,22.129,2020,0.353216349837522
Lesotho,132.24572750210186,145.76679519299353,118.06991931266316,17.762999999999998,2020,0.50674665490739
Cambodia,2.9705840589041314e-11,2.9705840589041055e-11,2.9705840589041055e-11,17.899,2020,0.468876053670987
Switzerland,86.49496095586403,92.51769730103732,81.39896292332848,10.907,2020,0.932027644512362
Guyana,80.49270979543205,140.5063536191781,34.800281686874605,11.097,2020,0.642284644781673
Sudan,69.49519940581511,85.21982869109658,51.19162050008821,22.158,2020,0.533455421993626
Cook Islands,2.8159857609079144e-08,2.8159857609078985e-08,2.8159857609078985e-08,7.522,2020,0.774700577781853
Afghanistan,112.96994366714992,150.72004611552816,85.35455359360262,67.013,2020,0.32983006796412
Republic of Moldova,111.29218298143688,142.17778983405415,77.89492948724634,14.186000000000002,2020,0.727710540349217
Guinea,88.88960239217647,107.33463927311178,74.38498345174744,37.827,2020,0.329877997039031
Czechia,123.15846177876172,169.24158781864966,83.81583495388068,17.917,2020,0.82662663116323
Lebanon,119.0132658762994,138.04047283700257,102.43215996261276,23.970999999999997,2020,0.742009720142934
Ukraine,60.43710140705456,124.68005049822284,19.273720734146437,15.122,2020,0.759929872218543
Guatemala,79.25800361006176,104.81676109332348,55.67101380240225,24.822,2020,0.534571414248156
Bangladesh,74.25486178181218,100.06615911592222,63.662496244780215,49.53,2020,0.483079169271683
Burundi,28.23792379068664,31.081382644860152,26.042165423507708,28.067,2020,0.286496000475545
Namibia,67.9027962153298,77.50283672524752,60.83792787653872,11.943999999999999,2020,0.614435889089058
Guinea-Bissau,115.3061125385946,130.93862019541075,101.28531058546308,34.938,2020,0.347798997943486
Saint Kitts and Nevis,0.0012843942043672,0.0020644120985203,0.0006560723192397,8.22,2020,0.75156840922289
Nepal,77.1603662829777,83.92231863342258,52.85389460994288,39.32899999999999,2020,0.427417089099115
Eritrea,11.411629275024634,22.233728297937763,8.492683939287543,22.526,2020,0.400459411382762
Andorra,99.49873464164506,180.0402625982279,58.55927593491601,9.943000000000001,2020,0.867449169102346
Ireland,45.438657406564296,49.32318409833949,41.73995929757118,8.988,2020,0.871958822388357
Chile,112.95868489361132,118.06204026503823,108.00838610174942,22.628,2020,0.769213676196926
Nicaragua,134.52473660946023,157.0761047278418,110.18757579679726,19.433,2020,0.520292670400273
Eswatini,169.5291758733033,188.7695714015232,155.24978567745927,14.859,2020,0.581653071099534
Senegal,65.22024555547094,70.88895016171278,54.51364892758773,38.364,2020,0.401197515620742
Poland,139.41243689105397,175.93362785945558,111.80097250294388,23.185,2020,0.808795317506383
Romania,158.68561947831927,220.75129074013293,99.01620121196612,16.009999999999998,2020,0.764276444363666
Mauritius,0.7988350740095872,1.1739809092746032,0.4718899914795256,10.578999999999999,2020,0.714629803881546
Zimbabwe,86.79842040723699,97.07780486958258,74.37409656023745,13.169,2020,0.471573170735407
Philippines,11.569004813246194,16.498719700205502,7.196667148716288,22.659,2020,0.644867233233664
Azerbaijan,148.02696399881657,184.6563096228344,109.7901568213362,29.648000000000003,2020,0.692605192199032
Russian Federation,112.22262898689684,127.89484270654756,97.39192601375314,9.857000000000001,2020,0.806011474298182
Mauritania,63.17816994457596,75.17224555865282,48.23052529601335,41.769999999999996,2020,0.491365602592056
Oman,46.68540463625276,51.22418083467772,42.0294194176211,35.818,2020,0.768854215658189
Pakistan,90.08351745324326,96.06754453560131,83.67900343148719,55.15,2020,0.497364405611904
Monaco,25.541950198972685,82.31236908147868,7.938897599092078,10.484,2020,0.90668543677348
Hungary,107.561122447837,146.59572267285986,76.49685511127167,17.441,2020,0.787620389699141
Tuvalu,4.0940670798481915e-08,4.094067079848174e-08,4.094067079848174e-08,6.8420000000000005,2020,0.571666102458017
Uruguay,5.699160946193531,5.699160946193581,5.699160946193581,9.287,2020,0.716169766093523
Germany,39.40949705237272,43.90228032895038,36.5416837596844,12.849,2020,0.901438614019463
Antigua and Barbuda,5.605017682315244,6.791566943466781,4.685967856441357,8.498999999999999,2020,0.746345330021488
Dominica,7.426437347039743e-09,7.426437347039724e-09,7.426437347039724e-09,8.382000000000001,2020,0.744419943891979
Venezuela (Bolivarian Republic of),180.03624742908798,195.34917010605628,163.6775158909682,19.384,2020,0.60003478118243
Libya,71.31227778610533,82.36458878522164,56.804553743983575,29.698,2020,0.720270392863655
Congo,77.21392589955133,86.90045178080855,61.46623264608801,29.580000000000002,2020,0.578451546357964
Suriname,21.25542375892287,22.20730908935407,21.112453113389147,12.211,2020,0.630683705083472
Japan,2.71456126331636,3.0703090618549123,2.423480203519094,12.625,2020,0.869106879336459
Kenya,93.2476968292164,101.43168504270716,85.9780481149878,12.482,2020,0.516136571818187
Benin,24.480803191465423,29.70724230342596,18.2634089489098,31.851999999999997,2020,0.36696448721315
Nigeria,38.63730895990837,42.25435843765667,35.625862475744206,55.2,2020,0.496204741160216
Georgia,149.9908624670421,190.24430948631857,106.07196075946004,22.669,2020,0.729125888954526
Viet Nam,0.5984647800669395,1.1456197700749973,0.1421539940553851,21.133000000000003,2020,0.623090320139283
South Sudan,84.95099494470051,94.95595183424794,72.63969668541706,21.593,2020,0.276787923789994
Belarus,196.70591358742044,245.004428585467,155.2558292643045,16.928,2020,0.782381564892966
Tunisia,52.8883938620003,92.8634045658141,39.65778962500867,26.395999999999997,2020,0.677615147910612
Angola,39.13275480950506,45.5857955968028,31.882865463434037,25.109,2020,0.447283991858922
Belize,63.228922690488375,75.29787553282618,51.76911245384351,10.591,2020,0.607060046133776
Malawi,34.942640664702225,38.534867164307634,31.777218186800503,18.702,2020,0.377879020413869
Mozambique,23.39435481840534,33.61273689510184,14.159107570501432,16.526,2020,0.320291181995807
Cabo Verde,26.977307144181125,37.66926604166187,20.31308309920704,31.206,2020,0.528461594777472
Cameroon,42.16480239118536,45.40294514668744,39.15973535905466,56.202,2020,0.472285846440991
Niger,45.576308138738426,51.94208785958928,40.78699618869532,50.415,2020,0.164539264581005
Brunei Darussalam,3.3198751170847505,13.614322510832327,0.4195119270975313,7.678,2020,0.80742409075008
Qatar,15.73280759889953,19.176652529593213,11.410677919709345,62.363,2020,0.841467395353032
Central African Republic,129.21274653624272,172.9429864381923,85.48933653375413,28.012999999999998,2020,0.305426298180724
North Macedonia,221.88132702109263,284.18591883926814,156.1783754358319,30.842000000000002,2020,0.747849899969173
Haiti,81.24090433405554,137.887579019985,34.57748741995887,9.854,2020,0.446390613582292
Democratic Republic of the Congo,56.430181803456016,61.90180241237511,51.43811602458828,31.871,2020,0.376712271159843
Italy,139.2720837898269,144.3082847151729,134.12932973358335,17.298000000000002,2020,0.803635679966778
Saudi Arabia,33.62943704114116,39.86061179496122,26.441700554367497,57.003,2020,0.810541860714478
Slovenia,136.04204438694947,178.24944401992482,95.63363957303233,17.808,2020,0.840373845574037
United States of America,128.64146045427427,133.47057198116588,124.07161118760182,8.421,2020,0.860792773409847
Malta,49.63157095167409,61.589109521930176,40.981127149258846,14.267000000000001,2020,0.798375166241004
Brazil,91.247365866029,99.34706036988672,84.41006867212357,13.107,2020,0.649201568351328
Ecuador,203.4337062906801,240.80769157569648,165.92256447768634,17.266,2020,0.65671445724893
Rwanda,14.44216698198538,17.092779715811428,9.487882701995533,34.93,2020,0.429896595971404
New Zealand,0.5120172914540163,0.5520670456670925,0.4754014814063882,7.731,2020,0.847398736836909
Togo,33.84554032538281,39.2032601867289,29.068551920261044,36.198,2020,0.402356922397572
Chad,65.08306244061797,77.25402448437308,54.33736603926536,42.565999999999995,2020,0.236103082769538
United Republic of Tanzania,54.93957952323776,59.54714160399116,50.75793286773705,15.419999999999998,2020,0.438747237740344
Sierra Leone,57.93802136620834,68.11866484171979,50.46451510468496,39.524,2020,0.352412021842938
Tajikistan,98.82811699256165,118.75469498024708,74.75774168780744,63.496,2020,0.537690530515565
Ghana,43.40867943651226,47.94781384281841,39.26038256954459,46.719,2020,0.558462173287852
Barbados,2.636359624599515,2.636359624599541,2.636359624599541,9.899,2020,0.74436664552373
Bahrain,54.24221101579788,62.20419444578303,44.85223878199377,53.818999999999996,2020,0.748103083095047
Gabon,92.7921526803594,100.82363537193808,85.2595742739506,25.749000000000002,2020,0.627609647280361
Somalia,96.04197843898054,115.147719351473,76.11780729738231,14.38,2020,0.0763633695596333
Australia,3.748513811676273,3.9082412949205807,3.566363314422274,7.478999999999999,2020,0.842051314482691
Micronesia (Federated States of),4.868583725472509e-09,4.868583725472522e-09,4.868583725472522e-09,7.579000000000001,2020,0.584527228769055
Peru,265.6560627308917,333.46961418381164,208.10215139899333,29.540999999999997,2020,0.658672243500517
Serbia,127.44494611740596,217.07285521121952,40.23645532554616,26.255000000000003,2020,0.789183332686432
Portugal,85.86483922127668,94.43516138527166,76.30588223390849,8.937999999999999,2020,0.741037384212082
Trinidad and Tobago,48.883266773164,84.57729546449117,20.803066190209957,10.347,2020,0.766422080818681
United Arab Emirates,6.976246439552426,16.75269523978453,1.956389977607012,43.039,2020,0.846151975991622
Uganda,30.29704647899913,35.145489744931865,19.64213287274874,31.619,2020,0.416846079190348
Austria,84.58236026833488,89.16776650508668,80.30149709102886,13.524000000000001,2020,0.852020385174284
Yemen,46.400173780558326,54.22618100876962,37.05446082636498,40.716,2020,0.44689306923482
Estonia,23.637976426534944,57.40484471042263,12.344415312187378,7.087999999999999,2020,0.841817139147138
